{"count":1,"gauges":{},"self":101.8650304,"total":105.43270009999999,"children":{"AgentResetIfDone":{"count":5089,"self":0.025930699999999998,"total":0.025930699999999998,"children":null},"AgentSendState":{"count":5089,"self":0.0967821,"total":0.3145286,"children":{"CollectObservations":{"count":10178,"self":0.21774649999999998,"total":0.21774649999999998,"children":null}}},"DecideAction":{"count":5089,"self":3.2002867999999998,"total":3.2002867,"children":null},"AcademyStep":{"count":5089,"self":0.0029912999999999997,"total":0.0029912999999999997,"children":null},"AgentAct":{"count":5089,"self":0.023933899999999998,"total":0.023933899999999998,"children":null}}}