{"cameraMode":{"drawMode":0,"name":"Shaded","section":"Shading Mode"},"sceneLighting":false,"audioPlay":false,"sceneViewState":{"showFog":false,"showMaterialUpdate":false,"showSkybox":false,"showFlares":false,"showImageEffects":false,"showParticleSystems":false},"in2DMode":false,"pivot":{"x":0.19312220811843873,"y":0.1252061277627945,"z":0.008979454636573792},"rotation":{"x":-0.22159487009048463,"y":-0.5777390599250794,"z":0.1660483032464981,"w":-0.7681164145469666},"size":0.8803160190582275,"orthographic":true}