{"cameraMode":{"drawMode":0,"name":"Shaded","section":"Shading Mode"},"sceneLighting":false,"audioPlay":false,"sceneViewState":{"showFog":false,"showMaterialUpdate":false,"showSkybox":false,"showFlares":false,"showImageEffects":false,"showParticleSystems":false},"in2DMode":false,"pivot":{"x":-0.49976587295532229,"y":0.499999463558197,"z":0.49976491928100588},"rotation":{"x":0.5593515634536743,"y":-0.03850864991545677,"z":0.026045454666018487,"w":0.827673077583313},"size":12.680843353271485,"orthographic":false}