{"cameraMode":{"drawMode":0,"name":"Shaded","section":"Shading Mode"},"sceneLighting":true,"audioPlay":false,"sceneViewState":{"showFog":false,"showMaterialUpdate":false,"showSkybox":true,"showFlares":false,"showImageEffects":false,"showParticleSystems":false},"in2DMode":false,"pivot":{"x":15.823606491088868,"y":2.186851978302002,"z":1.0675548315048218},"rotation":{"x":0.7304134964942932,"y":-0.007993006147444249,"z":0.008548669517040253,"w":0.6829057335853577},"size":1.1601482629776,"orthographic":false}