{"cameraMode":{"drawMode":0,"name":"Shaded","section":"Shading Mode"},"sceneLighting":false,"audioPlay":false,"sceneViewState":{"showFog":false,"showMaterialUpdate":false,"showSkybox":false,"showFlares":false,"showImageEffects":false,"showParticleSystems":false},"in2DMode":false,"pivot":{"x":2.5000009536743166,"y":2.4999992847442629,"z":10.0},"rotation":{"x":0.5135986804962158,"y":-0.12895609438419343,"z":0.07842318713665009,"w":0.8446860909461975},"size":12.79892635345459,"orthographic":false}