{"cameraMode":{"drawMode":0,"name":"Shaded","section":"Shading Mode"},"sceneLighting":false,"audioPlay":false,"sceneViewState":{"showFog":false,"showMaterialUpdate":false,"showSkybox":false,"showFlares":false,"showImageEffects":false,"showParticleSystems":false},"in2DMode":false,"pivot":{"x":10.00001335144043,"y":4.500000953674316,"z":0.0},"rotation":{"x":0.6061992049217224,"y":0.010741541162133217,"z":-0.008170776069164276,"w":0.7952529191970825},"size":21.738513946533204,"orthographic":false}