{"count":1,"gauges":{},"self":228.9892352,"total":233.92193189999998,"children":{"AgentResetIfDone":{"count":9148,"self":0.0147619,"total":0.0147619,"children":null},"AgentSendState":{"count":9148,"self":0.0434793,"total":0.4941798,"children":{"CollectObservations":{"count":18296,"self":0.4507005,"total":0.4507005,"children":null}}},"DecideAction":{"count":9148,"self":4.3817575999999994,"total":4.3817575999999994,"children":null},"AcademyStep":{"count":9148,"self":0.0040002,"total":0.0040002,"children":null},"AgentAct":{"count":9148,"self":0.0379954,"total":0.0379954,"children":null}}}